{
  "armorSetName": "diamond",
  "performanceMode": true,
  "head": {
    "itemKey": "minecraft:diamond_helmet",
    "mustBeEmpty": false
  },
  "chest": {
    "itemKey": "minecraft:diamond_chestplate",
    "mustBeEmpty": false
  },
  "legs": {
    "itemKey": "minecraft:diamond_leggings",
    "mustBeEmpty": false
  },
  "boots": {
    "itemKey": "minecraft:diamond_boots",
    "mustBeEmpty": false
  },
  "fullSetBonuses": [
    {
      "type": "effect",
      "name": "minecraft:haste",
      "value": 1.0,
      "interactionType": "self",
      "interactionDuration": 300,
      "hideBonusDescription": false,
      "onlyImmuneToNewEffects": false
    },
    {
      "type": "effect",
      "name": "minecraft:strength",
      "value": 3.0,
      "interactionType": "self",
      "interactionDuration": 300,
      "hideBonusDescription": false,
      "onlyImmuneToNewEffects": false
    },
    {
      "type": "effect",
      "name": "minecraft:speed",
      "value": 3.0,
      "interactionType": "self",
      "interactionDuration": 300,
      "hideBonusDescription": false,
      "onlyImmuneToNewEffects": false
    },
    {
      "type": "effect",
      "name": "minecraft:regeneration",
      "value": 3.0,
      "interactionType": "self",
      "interactionDuration": 300,
      "hideBonusDescription": false,
      "onlyImmuneToNewEffects": false
    },
    {
      "type": "effect",
      "name": "minecraft:resistance",
      "value": 3.0,
      "interactionType": "self",
      "interactionDuration": 300,
      "hideBonusDescription": false,
      "onlyImmuneToNewEffects": false
    },
    {
      "type": "attribute",
      "name": "minecraft:generic.max_health",
      "value": 40.0,
      "modifierUUID": "d5a7dc88-9405-4398-b3e5-250b4c6dd238",
      "description": "+20 hearts",
      "attributeOperation": 0,
      "interactionType": "self",
      "interactionDuration": 300,
      "hideBonusDescription": false,
      "onlyImmuneToNewEffects": false
    }
  ],
  "hideGeneratedTooltip": false
}