{
  "armorSetName": "iron",
  "performanceMode": true,
  "head": {
    "itemKey": "minecraft:iron_helmet",
    "mixAndMatch": [
      "minecraft:chainmail_helmet"
    ],
    "mustBeEmpty": false
  },
  "chest": {
    "itemKey": "minecraft:iron_chestplate",
    "mixAndMatch": [
      "minecraft:chainmail_chestplate"
    ],
    "mustBeEmpty": false
  },
  "legs": {
    "itemKey": "minecraft:iron_leggings",
    "mixAndMatch": [
      "minecraft:chainmail_leggings"
    ],
    "mustBeEmpty": false
  },
  "boots": {
    "itemKey": "minecraft:iron_boots",
    "mixAndMatch": [
      "minecraft:chainmail_boots"
    ],
    "mustBeEmpty": false
  },
  "fullSetBonuses": [
    {
      "type": "effect",
      "name": "minecraft:haste",
      "value": 1.0,
      "interactionType": "self",
      "interactionDuration": 300,
      "hideBonusDescription": false,
      "onlyImmuneToNewEffects": false
    },
    {
      "type": "effect",
      "name": "minecraft:strength",
      "value": 1.0,
      "interactionType": "self",
      "interactionDuration": 300,
      "hideBonusDescription": false,
      "onlyImmuneToNewEffects": false
    },
    {
      "type": "effect",
      "name": "minecraft:speed",
      "value": 1.0,
      "interactionType": "self",
      "interactionDuration": 300,
      "hideBonusDescription": false,
      "onlyImmuneToNewEffects": false
    },
    {
      "type": "effect",
      "name": "minecraft:regeneration",
      "value": 1.0,
      "interactionType": "self",
      "interactionDuration": 300,
      "hideBonusDescription": false,
      "onlyImmuneToNewEffects": false
    },
    {
      "type": "effect",
      "name": "minecraft:resistance",
      "value": 1.0,
      "interactionType": "self",
      "interactionDuration": 300,
      "hideBonusDescription": false,
      "onlyImmuneToNewEffects": false
    },
    {
      "type": "attribute",
      "name": "minecraft:generic.max_health",
      "value": 20.0,
      "modifierUUID": "1d197309-00aa-4753-9f33-c76e0f55b20d",
      "description": "+10 hearts",
      "attributeOperation": 0,
      "interactionType": "self",
      "interactionDuration": 300,
      "hideBonusDescription": false,
      "onlyImmuneToNewEffects": false
    }
  ],
  "hideGeneratedTooltip": false
}
