{
  "armorSetName": "leather",
  "performanceMode": true,
  "head": {
    "itemKey": "minecraft:leather_helmet",
    "mustBeEmpty": false
  },
  "chest": {
    "itemKey": "minecraft:leather_chestplate",
    "mustBeEmpty": false
  },
  "legs": {
    "itemKey": "minecraft:leather_leggings",
    "mustBeEmpty": false
  },
  "boots": {
    "itemKey": "minecraft:leather_boots",
    "mustBeEmpty": false
  },
  "fullSetBonuses": [
    {
      "type": "attribute",
      "name": "minecraft:generic.armor",
      "value": 3.0,
      "modifierUUID": "d5a7dc88-9405-4398-b1e5-250b4c6dd218",
      "description": "+3 armor",
      "interactionType": "self",
      "interactionDuration": 300,
      "hideBonusDescription": false,
      "onlyImmuneToNewEffects": false
    }
  ],
  "hideGeneratedTooltip": false
}