{"stat.useItem.minecraft.stone":98,"stat.leaveGame":9,"stat.useItem.minecraft.glowstone":15,"stat.swimOneCm":2295,"stat.jump":373,"stat.useItem.minecraft.planks":157,"stat.drop.minecraft.stone":1,"stat.pickup.minecraft.gunpowder":2,"stat.crouchOneCm":297,"stat.useItem.minecraft.dirt":243,"achievement.exploreAllBiomes":{"value":0,"progress":["ForestHills","Forest","River","Plains","Extreme Hills"]},"stat.useItem.minecraft.water_bucket":1,"stat.useItem.minecraft.glass":20,"stat.useItem.minecraft.sapling":2,"stat.damageTaken":240,"stat.useItem.minecraft.furnace":2,"stat.pickup.minecraft.bed":1,"stat.flyOneCm":946258,"stat.pickup.minecraft.wheat_seeds":4,"stat.damageDealt":250,"stat.sleepInBed":8,"stat.timeSinceDeath":493497,"stat.useItem.minecraft.crafting_table":1,"stat.drop.minecraft.diamond":1,"stat.useItem.minecraft.wooden_slab":4,"stat.useItem.minecraft.command_block":1,"stat.walkOneCm":165810,"stat.useItem.minecraft.torch":3,"stat.useItem.minecraft.chest":2,"stat.useItem.minecraft.lever":1,"stat.useItem.minecraft.log":62,"stat.killEntity.Creeper":1,"stat.sprintOneCm":19074,"stat.useItem.minecraft.diamond_block":1,"stat.useItem.minecraft.bed":8,"achievement.openInventory":359,"stat.mobKills":1,"stat.deaths":1,"stat.drop":3,"stat.playOneMinute":768459,"stat.pickup.minecraft.torch":1,"stat.pickup.minecraft.red_flower":2030,"stat.sneakTime":912,"stat.drop.minecraft.torch":1,"stat.diveOneCm":11432}